object_id,object_type,sector_inferred,bearing_from_structure_deg,facing_azimuth_deg,center_height_ft,height_in,width_in,depth_in,model_guess,confidence,route_length_ft
OBJ-001,Mount pipe,Alpha,334.6,,120.1,94.0,3.9,3.2,,0.98,
OBJ-002,Antenna,Alpha,341.8,8.2,120.3,71.2,20.1,8.2,NNH4-65B-R6,0.85,
OBJ-003,Remote radio,Alpha,328.5,,116.3,19.7,12.7,5.7,,0.91,
OBJ-004,Remote radio,Alpha,340.9,,115.9,22.3,12.3,6.7,,0.95,
OBJ-005,Mount pipe,Alpha,11.9,,120.1,94.0,2.5,3.1,,0.86,
OBJ-006,Antenna,Alpha,9.4,9.4,120.2,72.4,11.0,6.5,,0.89,
OBJ-007,Remote radio,Alpha,3.1,,116.1,16.1,10.7,6.1,,0.83,
OBJ-008,Mount pipe,Beta,96.9,,120.1,95.2,3.1,2.4,,0.88,
OBJ-009,Antenna,Beta,102.4,131.5,120.0,73.2,20.2,7.7,NNH4-65B-R6,0.83,
OBJ-010,Remote radio,Beta,91.1,,116.1,20.7,13.8,6.6,,0.95,
OBJ-011,Remote radio,Beta,99.8,,115.5,21.7,13.6,6.9,,0.93,
OBJ-012,Mount pipe,Beta,129.0,,119.8,94.9,3.9,3.0,,0.9,
OBJ-013,Antenna,Beta,128.9,125.8,119.5,70.8,11.3,6.7,APXVSPP18-C-A20,0.97,
OBJ-014,Remote radio,Beta,123.6,,116.2,16.4,10.7,5.5,,0.93,
OBJ-015,Mount pipe,Gamma,218.5,,120.1,94.5,2.1,3.1,,0.88,
OBJ-016,Antenna,Gamma,218.5,249.3,119.8,72.1,19.6,8.2,NNH4-65B-R6,0.92,
OBJ-017,Remote radio,Gamma,209.8,,115.9,19.2,12.7,6.1,,0.88,
OBJ-018,Remote radio,Gamma,220.8,,115.6,20.7,12.3,6.5,,0.86,
OBJ-019,Remote radio,Gamma,208.0,,114.7,15.1,11.4,4.8,,0.91,
OBJ-020,Mount pipe,Gamma,249.9,,119.9,93.2,2.8,2.6,,0.83,
OBJ-021,Antenna,Gamma,249.9,250.8,119.5,71.0,10.7,7.2,APXVSPP18-C-A20,0.92,
OBJ-022,Remote radio,Gamma,243.8,,116.3,16.7,10.3,5.5,,0.82,
OBJ-023,Cable route (cabinet to tower),,,,,,,,,0.92,20.7
