RULE_ID,FAMILY,NAME,DESCRIPTION,SEVERITY,OUTCOME,TARGET_DOC,PARAMS_JSON,STREAMS,CARRIER,ACTIVE,VERSION,EFFECTIVE_FROM,EFFECTIVE_TO
DOC-01,DOCUMENT,Required document missing,A document the scoping stream needs is not in the registry,HIGH,RFI,REGISTRY,"{""required"": {""BOM"": [""RFDS"", ""CD"", ""MA_SA"", ""DRONE"", ""BOM_REV0""], ""DESIGN"": [""RFDS"", ""CD"", ""MA_SA""], ""DEPLOYMENT"": [""RFDS"", ""CD"", ""MA_SA"", ""BOM_REV0""]}}",ALL,ALL,Y,1,2026-01-01,
DOC-02,DOCUMENT,Duplicate upload,Same file hash registered twice for the site,LOW,FLAG,REGISTRY,{},ALL,ALL,Y,1,2026-01-01,
EXT-01,EXTRACTION,Low-confidence extraction,A field was read below the confidence threshold and needs human review,MEDIUM,REVIEW,ANY,"{""threshold"": 0.80}",ALL,ALL,Y,1,2026-01-01,
REV-01,REVISION,Stale structural or mount analysis,SA/MA was run on an RFDS revision older than the current one,HIGH,RFI,MA_SA,{},ALL,ALL,Y,1,2026-01-01,
REV-02,REVISION,CD built on older RFDS,CD general notes reference an older RFDS revision than the current one,HIGH,REDLINE,CD,{},ALL,ALL,Y,1,2026-01-01,
LOAD-01,LOADING,MA/SA loading differs from RFDS,Antenna or radio count/model in the analysed loading differs from the final RFDS,HIGH,REDLINE,MA_SA,{},ALL,ALL,Y,1,2026-01-01,
MNT-01,MOUNT,Mount modification not shown on CD,MA requires a modification (e.g. reinforcement kit) that the CD does not show,HIGH,REDLINE,CD,"{""sheet"": ""A-3""}",ALL,ALL,Y,1,2026-01-01,
SA-01,STRUCTURAL,Structure fails analysis,SA controlling capacity above 100% - structural modification needed before install,CRITICAL,ESCALATE,MA_SA,"{""max_capacity_pct"": 100}",ALL,ALL,Y,1,2026-01-01,
MA-01,MOUNT,Mount over capacity,MA mount capacity above 100% for the proposed loading,HIGH,FLAG,MA_SA,"{""max_capacity_pct"": 100}",ALL,ALL,Y,1,2026-01-01,
RFC-01,RFDS_VS_CD,Azimuth mismatch RFDS vs CD,Sector azimuth on the RFDS differs from the CD,HIGH,RFI,CD,"{""tolerance_deg"": 0}",ALL,ALL,Y,1,2026-01-01,
RFC-02,RFDS_VS_CD,Equipment on RFDS missing from CD,A proposed antenna/AAU/radio on the RFDS is not on the CD,HIGH,RFI,CD,"{""sheets"": [""A-3"", ""A-4""]}",ALL,ALL,Y,1,2026-01-01,
RFC-03,RFDS_VS_CD,Equipment on CD not on RFDS,The CD shows proposed equipment the RFDS does not have,HIGH,RFI,CD,"{""sheets"": [""A-3"", ""A-4""]}",ALL,ALL,Y,1,2026-01-01,
RFC-04,RFDS_VS_CD,Position mismatch RFDS vs CD,Same equipment placed at a different mounting position on the CD (swap),MEDIUM,RFI,CD,"{""sheet"": ""A-3""}",ALL,ALL,Y,1,2026-01-01,
RFC-05,RFDS_VS_CD,RAD center mismatch RFDS vs CD,RAD center differs between RFDS and CD,MEDIUM,REDLINE,CD,"{""tolerance_ft"": 0}",ALL,ALL,Y,1,2026-01-01,
RFC-06,RFDS_VS_CD,Model mismatch RFDS vs CD,Different model at the same sector/position,HIGH,RFI,CD,{},ALL,ALL,Y,1,2026-01-01,
FLD-01,CD_VS_FIELD,Unrecorded equipment in field,Drone survey finds equipment that neither the CD nor the RFDS records,HIGH,RFI,CD,"{""sheet"": ""A-3""}",ALL,ALL,Y,1,2026-01-01,
FLD-02,CD_VS_FIELD,Mount pipe missing in field,CD shows an existing (spare) mount pipe that the drone survey does not find,MEDIUM,REDLINE,CD,"{""sheet"": ""A-3""}",ALL,ALL,Y,1,2026-01-01,
FLD-03,CD_VS_FIELD,RAD center differs in field,Measured RAD center of existing antennas differs from the CD/RFDS beyond tolerance,MEDIUM,RFI,CD,"{""tolerance_ft"": 2, ""sheet"": ""A-2""}",ALL,ALL,Y,1,2026-01-01,
FLD-04,CD_VS_FIELD,Azimuth differs in field,Measured sector azimuth differs from the CD/RFDS beyond tolerance,MEDIUM,RFI,CD,"{""tolerance_deg"": 5, ""sheet"": ""A-3""}",ALL,ALL,Y,1,2026-01-01,
FLD-05,CD_VS_FIELD,Roof sled missing in field,CD shows an existing roof sled that the drone survey does not find,MEDIUM,REDLINE,CD,"{""sheet"": ""A-3""}",ALL,ALL,Y,1,2026-01-01,
FLD-06,CD_VS_FIELD,Cable route length differs,Measured cabinet-to-structure route differs from the CD cable schedule beyond tolerance,MEDIUM,REDLINE,CD,"{""tolerance_ft"": 10, ""sheet"": ""A-4""}",ALL,ALL,Y,1,2026-01-01,
FLD-07,CD_VS_FIELD,Existing equipment not found in field,CD shows existing equipment the drone survey does not find,MEDIUM,RFI,CD,"{""sheet"": ""A-3""}",ALL,ALL,Y,1,2026-01-01,
CBL-01,CABLE,Cable length undocumented,No documented route length for a required trunk - never assume a length,HIGH,RFI,CD,"{""sheet"": ""A-4""}",ALL,ALL,Y,1,2026-01-01,
BOM-01,REV0_BOM,REV 0 line missing,A line the rules require is missing from REV 0,MEDIUM,BOM_CHANGE,BOM_REV0,{},BOM;DEPLOYMENT,ALL,Y,1,2026-01-01,
BOM-02,REV0_BOM,REV 0 quantity differs,REV 0 quantity differs from what the rules produce,MEDIUM,BOM_CHANGE,BOM_REV0,{},BOM;DEPLOYMENT,ALL,Y,1,2026-01-01,
BOM-03,REV0_BOM,REV 0 duplicate line,REV 0 lists the same item twice for the same sector,MEDIUM,BOM_CHANGE,BOM_REV0,{},BOM;DEPLOYMENT,ALL,Y,1,2026-01-01,
BOM-04,REV0_BOM,Non-approved part number,REV 0 uses a part that is not customer approved,HIGH,BOM_CHANGE,BOM_REV0,{},BOM;DEPLOYMENT,ALL,Y,1,2026-01-01,
BOM-05,REV0_BOM,REV 0 extra line,REV 0 carries a line the rules do not produce,LOW,BOM_CHANGE,BOM_REV0,{},BOM;DEPLOYMENT,ALL,Y,1,2026-01-01,
