RULE_ID,TRIGGER_CODE,TRIGGER_TEXT,CHILD_KEY,QTY_EXPR,SPARE_EXPR,SCOPE,SOURCE_TEMPLATE,NOTES,CARRIER,VERSION,EFFECTIVE_FROM,EFFECTIVE_TO
R-RAD-01,NEW_RADIO,New remote radio,RRUMNT,1,0,SECTOR,CD A-3,,ALL,1,2026-01-01,
R-RAD-02,NEW_RADIO,New remote radio,DCJ15,1,0,SECTOR,CD A-4,OVP to radio,ALL,1,2026-01-01,
R-RAD-03,NEW_RADIO,New remote radio,FJ15,1,0,SECTOR,CD A-4,OVP to radio,ALL,1,2026-01-01,
R-RAD-04,NEW_RADIO,New remote radio,SFP10,2,0,SECTOR,CD A-4,"1 at radio, 1 at baseband",ALL,1,2026-01-01,
R-RAD-05,NEW_RADIO,New remote radio,GK6,1,0,SECTOR,CD E-1,,ALL,1,2026-01-01,
R-RAD-06,NEW_RADIO_TO_PASSIVE,New remote radio feeding a passive antenna,RFJ6,ports,0,SECTOR,CD A-4,4.3-10 jumpers radio to antenna,ALL,1,2026-01-01,
R-RAD-07,NEW_RADIO,New remote radio,WPK,1,0,SECTOR,Customer standard,,ALL,1,2026-01-01,
R-RAD-08,NEW_RADIO,New remote radio,LABEL,1,0,SECTOR,Customer standard,,ALL,1,2026-01-01,
R-RAD-09,NEW_RADIO,New remote radio,BRK30,1,0,SECTOR,CD E-1,Breaker at base power plant,ALL,1,2026-01-01,
R-AIR-01,NEW_AAU,New AAU,AIRBRKT,1,0,SECTOR,CD A-3,,ALL,1,2026-01-01,
R-AIR-02,NEW_AAU,New AAU,DCJ20,1,0,SECTOR,CD A-4,OVP to AAU,ALL,1,2026-01-01,
R-AIR-03,NEW_AAU,New AAU,FJ20,1,0,SECTOR,CD A-4,OVP to AAU,ALL,1,2026-01-01,
R-AIR-04,NEW_AAU,New AAU,SFP25,2,0,SECTOR,CD A-4,"1 at AAU, 1 at baseband",ALL,1,2026-01-01,
R-AIR-05,NEW_AAU,New AAU,GK6,1,0,SECTOR,CD E-1,,ALL,1,2026-01-01,
R-AIR-06,NEW_AAU,New AAU,WPK,1,0,SECTOR,Customer standard,,ALL,1,2026-01-01,
R-AIR-07,NEW_AAU,New AAU,LABEL,1,0,SECTOR,Customer standard,,ALL,1,2026-01-01,
R-AIR-08,NEW_AAU,New AAU,BRK60,1,0,SECTOR,CD E-1,Breaker at base power plant,ALL,1,2026-01-01,
R-ANT-01,NEW_PASSIVE,New passive antenna,GK6,1,0,SECTOR,CD E-1,,ALL,1,2026-01-01,
R-ANT-02,NEW_PASSIVE,New passive antenna,LABEL,1,0,SECTOR,Customer standard,,ALL,1,2026-01-01,
R-MNT-01,POSITION_NO_PIPE,New antenna or AAU at a position with no mount pipe,PIPE,1,0,SECTOR,CD A-3,Not needed when a new sector frame or roof sled supplies pipes,ALL,1,2026-01-01,
R-MNT-02,SECTOR_NEW_FRAME,Sector marked for new frame,FRAME,1,0,SECTOR,CD A-3,,ALL,1,2026-01-01,
R-MNT-03,ROOF_SECTOR_NO_SLED,Rooftop sector with new equipment and no roof sled,SLED,1,0,SECTOR,CD A-3,Sled supplies 3 pipes,ALL,1,2026-01-01,
R-MNT-04,MA_REINFORCEMENT,Mount analysis requires reinforcement,MRK,ma_qty,0,SECTOR,MA report,Quantity and sectors from MA report,ALL,1,2026-01-01,
R-GND-01,SECTOR_NEW_DEVICE,Sector with any new device,GBAR,1,0,SECTOR,CD E-1,,ALL,1,2026-01-01,
R-TRK-01,TRUNK,New powered devices (radios + AAUs),HYB*,ceil(powered_new / 6),0,SITE,CD A-4,Length = next catalog step >= 1.10 x (vertical + horizontal run),ALL,1,2026-01-01,
R-TRK-02,PER_TRUNK,Per hybrid trunk,OVPT,1,0,SITE,CD A-4,,ALL,1,2026-01-01,
R-TRK-03,PER_TRUNK,Per hybrid trunk,OVPB,1,0,SITE,CD A-4,,ALL,1,2026-01-01,
R-TRK-04,PER_TRUNK,Per hybrid trunk,HANGER,ceil(trunk_length_ft / 3),0,SITE,CD A-4,Hanger every 3 ft,ALL,1,2026-01-01,
R-TRK-05,PER_TRUNK,Per hybrid trunk,HOIST,1,0,SITE,CD A-4,,ALL,1,2026-01-01,
R-TRK-06,PER_TRUNK,Per hybrid trunk,GKT,3 if trunk_length_ft > 200 else 2,0,SITE,CD E-1,"Top, bottom (and mid-span)",ALL,1,2026-01-01,
R-TRK-07,PER_TRUNK,Per hybrid trunk,WPK,2,0,SITE,Customer standard,,ALL,1,2026-01-01,
R-OVP-01,PER_OVP,Per OVP box,GK6,1,0,SITE,CD E-1,Two OVP boxes per trunk (top and base),ALL,1,2026-01-01,
R-BB-01,NEW_BASEBAND,New baseband,GK6,1,0,SITE,CD E-1,,ALL,1,2026-01-01,
R-PWR-01,NET_DC_LOAD,Net new DC load,RECT3K,"ceil(max(0, added_w - removed_w) / 3000)",0,SITE,RFDS {rfds_rev} Baseband & Power,,ALL,1,2026-01-01,
R-SITE-01,PER_SITE,Per site,TIES,2,1,SITE,Customer standard,,ALL,1,2026-01-01,
R-SITE-02,PER_SITE,Per site,HWKIT,1,0,SITE,Customer standard,,ALL,1,2026-01-01,
R-SITE-03,PER_SITE,Per site,HEAT,1,0,SITE,Customer standard,,ALL,1,2026-01-01,
R-SITE-04,PER_SITE,Per site,LABEL,1,1,SITE,Customer standard,Trunk and OVP labels,ALL,1,2026-01-01,
R-SITE-05,PER_SITE,Per site,WPK,0,1,SITE,Customer standard,,ALL,1,2026-01-01,
R-EQ-01,NEW_MAJOR,New major equipment (RFDS),(device),1,0,SECTOR,RFDS {rfds_rev}; CD A-3,Install line,ALL,1,2026-01-01,
R-RMV-01,REMOVE_DEVICE,Equipment to remove (RFDS or field),(device),1,0,SECTOR,RFDS {rfds_rev}; CD A-3,"Removal line, no material",ALL,1,2026-01-01,
