CATALOG_KEY,CATEGORY,SUBCATEGORY,MANUFACTURER,MODEL,MANUFACTURER_PN,CUSTOMER_PN,DESCRIPTION,UOM,SUPPLY,CUSTOMER_APPROVED,UNIT_COST_USD,RF_PORTS,POWER_W,BANDS,TECHNOLOGY,HEIGHT_M,WIDTH_M,DEPTH_M,ALIASES,VERSION,EFFECTIVE_FROM,EFFECTIVE_TO
AIR6449,Major Equipment,Active Antenna (AAU),Ericsson,AIR 6449 B77D,KRD 909 101/11,CA-573469,"Active antenna unit, n77 3.7 GHz C-band, 64T64R",EA,CFM,Y,38000,,1100,n77,NR,0.9,0.47,0.22,AIR6449|AIR6449B77D,1,2026-01-01,
AIR6419,Major Equipment,Active Antenna (AAU),Ericsson,AIR 6419 B41,KRD 909 102/11,CA-410738,"Active antenna unit, n41 2.5 GHz, 64T64R",EA,CFM,Y,30000,,900,n41,NR,0.8,0.44,0.2,AIR6419|AIR6419B41,1,2026-01-01,
R4449,Major Equipment,Remote Radio,Ericsson,Radio 4449 B5 B12,KRC 909 201/1,CA-987285,"Remote radio unit, 4T4R, 850 MHz B5 + 700 MHz B12",EA,CFM,Y,9000,4,450,B5/B12,LTE/NR,0.5,0.34,0.16,4449 B5 B12|RADIO4449B5B12,1,2026-01-01,
R4460,Major Equipment,Remote Radio,Ericsson,Radio 4460 B2 B66,KRC 909 202/1,CA-810534,"Remote radio unit, 4T4R, 1900 MHz B2 + AWS B66",EA,CFM,Y,10500,4,550,B2/B66,LTE/NR,0.55,0.34,0.17,4460 B2 B66|RADIO4460B2B66,1,2026-01-01,
R4480,Major Equipment,Remote Radio,Ericsson,Radio 4480 B71 B85,KRC 909 203/1,CA-435253,"Remote radio unit, 4T4R, 600 MHz B71 + 700 MHz B85",EA,CFM,Y,9800,4,500,B71/B85,LTE/NR,0.55,0.34,0.18,4480 B71 B85|RADIO4480B71B85,1,2026-01-01,
R2217,Major Equipment,Remote Radio,Ericsson,Radio 2217 B66A,KRC 909 290/1,CA-837905,"Remote radio unit, 2T2R, AWS B66 (legacy)",EA,CFM,Y,0,2,250,B66,LTE,0.42,0.28,0.14,2217 B66A|RADIO2217B66A,1,2026-01-01,
RRUS11,Major Equipment,Remote Radio,Ericsson,RRUS 11 B12,KRC 909 291/1,CA-517719,"Remote radio unit, 2T2R, 700 MHz B12 (legacy)",EA,CFM,Y,0,2,250,B12,LTE,0.4,0.28,0.13,RRUS11B12,1,2026-01-01,
NNH4,Major Equipment,Passive Antenna,CommScope,NNH4-65B-R6,NNH4-65B-R6-SYN,CA-797387,"Passive panel antenna, 8-port, 6 ft, 698-2690 MHz",EA,CFM,Y,2400,8,,LB/MB,LTE/NR,1.83,0.5,0.2,,1,2026-01-01,
SBNHH,Major Equipment,Passive Antenna,CommScope,SBNHH-1D65B,SBNHH-1D65B-SYN,CA-334444,"Passive panel antenna, 6-port, 6 ft (legacy)",EA,CFM,Y,0,6,,LB/MB,LTE,1.83,0.3,0.18,,1,2026-01-01,
APXV,Major Equipment,Passive Antenna,RFS,APXVSPP18-C-A20,APXVSPP18-C-A20-SYN,CA-370759,"Passive panel antenna, 4-port, 6 ft (legacy)",EA,CFM,Y,0,4,,MB,LTE,1.83,0.3,0.17,,1,2026-01-01,
BB6648,Major Equipment,Baseband,Ericsson,Baseband 6648,KDU 909 301/1,CA-508049,"Baseband unit, 19-inch rack",EA,CFM,Y,14000,,,,LTE/NR,,,,BASEBAND6648,1,2026-01-01,
BB6651,Major Equipment,Baseband,Ericsson,Baseband 6651,KDU 909 302/1,CA-384470,"Baseband unit, 19-inch rack, high capacity",EA,CFM,Y,16500,,,,LTE/NR,,,,BASEBAND6651,1,2026-01-01,
RECT3K,Power & Grounding,Rectifier,Ericsson,PSU 3000 48V,BML 909 401/1,CA-901123,"Rectifier module, -48 VDC, 3 kW",EA,CFM,Y,1200,,,,,,,,PSU300048V,1,2026-01-01,
BRK30,Power & Grounding,DC Breaker,Eaton,DCB-30A,EAT-DCB-30-SYN,CA-261557,"DC breaker, 30 A, plug-in",EA,VFM,Y,45,,,,,,,,,1,2026-01-01,
BRK60,Power & Grounding,DC Breaker,Eaton,DCB-60A,EAT-DCB-60-SYN,CA-420764,"DC breaker, 60 A, plug-in",EA,VFM,Y,60,,,,,,,,,1,2026-01-01,
OVPT,Fiber & DC,Surge Protection,Raycap,RC-OVP-6-TOP,RC-OVP-6T-SYN,CA-698253,"DC surge protection / distribution box, 6-circuit, tower-top",EA,CFM,Y,3200,,,,,,,,,1,2026-01-01,
OVPB,Fiber & DC,Surge Protection,Raycap,RC-OVP-6-BASE,RC-OVP-6B-SYN,CA-160627,"DC surge protection box, 6-circuit, base",EA,CFM,Y,2100,,,,,,,,,1,2026-01-01,
HYB100,Fiber & DC,Hybrid Trunk,CommScope,HYB-6x12-100,HYB-6X12-100-SYN,CA-721411,"Hybrid trunk cable, 6 DC pairs + 12 fiber pairs, 100 ft, factory terminated",EA,CFM,Y,1200,,,,,,,,,1,2026-01-01,
HYB150,Fiber & DC,Hybrid Trunk,CommScope,HYB-6x12-150,HYB-6X12-150-SYN,CA-809682,"Hybrid trunk cable, 6 DC pairs + 12 fiber pairs, 150 ft, factory terminated",EA,CFM,Y,1800,,,,,,,,,1,2026-01-01,
HYB200,Fiber & DC,Hybrid Trunk,CommScope,HYB-6x12-200,HYB-6X12-200-SYN,CA-846164,"Hybrid trunk cable, 6 DC pairs + 12 fiber pairs, 200 ft, factory terminated",EA,CFM,Y,2400,,,,,,,,,1,2026-01-01,
HYB250,Fiber & DC,Hybrid Trunk,CommScope,HYB-6x12-250,HYB-6X12-250-SYN,CA-418676,"Hybrid trunk cable, 6 DC pairs + 12 fiber pairs, 250 ft, factory terminated",EA,CFM,Y,3000,,,,,,,,,1,2026-01-01,
HYB300,Fiber & DC,Hybrid Trunk,CommScope,HYB-6x12-300,HYB-6X12-300-SYN,CA-396867,"Hybrid trunk cable, 6 DC pairs + 12 fiber pairs, 300 ft, factory terminated",EA,CFM,Y,3600,,,,,,,,,1,2026-01-01,
HYB350,Fiber & DC,Hybrid Trunk,CommScope,HYB-6x12-350,HYB-6X12-350-SYN,CA-427465,"Hybrid trunk cable, 6 DC pairs + 12 fiber pairs, 350 ft, factory terminated",EA,CFM,Y,4200,,,,,,,,,1,2026-01-01,
DCJ15,Fiber & DC,DC Jumper,CommScope,DCJ-8AWG-15,DCJ-8-15-SYN,CA-673445,"DC jumper cable, 2-conductor 8 AWG, 15 ft",EA,VFM,Y,60,,,,,,,,,1,2026-01-01,
FJ15,Fiber & DC,Fiber Jumper,Corning,FJ-LCLC-OD-15,FJ-LC-OD-15-SYN,CA-853653,"Outdoor fiber jumper, duplex LC-LC single-mode, 15 ft",EA,VFM,Y,45,,,,,,,,,1,2026-01-01,
DCJ20,Fiber & DC,DC Jumper,CommScope,DCJ-8AWG-20,DCJ-8-20-SYN,CA-202256,"DC jumper cable, 2-conductor 8 AWG, 20 ft",EA,VFM,Y,80,,,,,,,,,1,2026-01-01,
FJ20,Fiber & DC,Fiber Jumper,Corning,FJ-LCLC-OD-20,FJ-LC-OD-20-SYN,CA-970099,"Outdoor fiber jumper, duplex LC-LC single-mode, 20 ft",EA,VFM,Y,60,,,,,,,,,1,2026-01-01,
FJ15NA,Fiber & DC,Fiber Jumper,AnyFiber,AF-LC-15,AF-LC-15,CA-479674,Fiber jumper LC-LC 15 ft (NOT customer-approved),EA,VFM,N,20,,,,,,,,,1,2026-01-01,
RFJ6,RF Connectivity,RF Jumper,CommScope,RFJ-43-6,RFJ-43-6-SYN,CA-707630,"RF jumper, 1/2 in, 4.3-10 M-M, 6 ft",EA,VFM,Y,38,,,,,,,,,1,2026-01-01,
RFJ10,RF Connectivity,RF Jumper,CommScope,RFJ-43-10,RFJ-43-10-SYN,CA-479757,"RF jumper, 1/2 in, 4.3-10 M-M, 10 ft",EA,VFM,Y,46,,,,,,,,,1,2026-01-01,
SFP10,Fiber & DC,Optical Module,Ericsson,SFP+ 10G LR,RDH 909 501/1,CA-589582,"SFP+ optical module, 10 Gb/s, 1310 nm",EA,CFM,Y,140,,,,,,,,SFP+10GLR,1,2026-01-01,
SFP25,Fiber & DC,Optical Module,Ericsson,SFP28 25G LR,RDH 909 502/1,CA-253153,"SFP28 optical module, 25 Gb/s, 1310 nm",EA,CFM,Y,260,,,,,,,,SFP2825GLR,1,2026-01-01,
PIPE,Mounting Hardware,Mount Pipe,Site Pro 1,PK-278-8,SP1-PK278-8-SYN,CA-803517,"Antenna mount pipe kit, 2-7/8 in x 8 ft, with clamps",KIT,VFM,Y,310,,,,,,,,,1,2026-01-01,
AIRBRKT,Mounting Hardware,AAU Bracket,Ericsson,AIR mount bracket kit,SXK 909 601/1,CA-911187,AAU tilt bracket kit for 2-3.5 in pipe,KIT,VFM,Y,420,,,,,,,,AIRMOUNTBRACKETKIT,1,2026-01-01,
RRUMNT,Mounting Hardware,RRU Mount,Site Pro 1,RRU-MK-2,SP1-RRUMK2-SYN,CA-798277,"RRU mount kit, dual pipe clamp",KIT,VFM,Y,95,,,,,,,,,1,2026-01-01,
FRAME,Mounting Hardware,Sector Frame,Site Pro 1,SF-12-3P,SP1-SF12-3P-SYN,CA-873604,"Sector frame, 12 ft face, 3-pipe, with standoff arms",KIT,VFM,Y,2600,,,,,,,,,1,2026-01-01,
MRK,Mounting Hardware,Mount Reinforcement,Site Pro 1,MRK-12,SP1-MRK12-SYN,CA-332083,"Mount reinforcement kit, 12 ft sector frame",KIT,VFM,Y,780,,,,,,,,,1,2026-01-01,
SLED,Mounting Hardware,Roof Sled,Site Pro 1,NPS-3P,SP1-NPS3P-SYN,CA-293325,"Non-penetrating roof sled mount, 3-pipe, with ballast trays",KIT,VFM,Y,1450,,,,,,,,,1,2026-01-01,
GK6,Power & Grounding,Ground Kit,Harger,GK-6-TW,HGR-GK6TW-SYN,CA-161733,"Ground kit, #6 AWG, two-hole lug, 10 ft",KIT,VFM,Y,28,,,,,,,,,1,2026-01-01,
GK6NA,Power & Grounding,Ground Kit,Generic,GND-6,GND-6,CA-401702,Ground kit #6 (NOT customer-approved),KIT,VFM,N,12,,,,,,,,,1,2026-01-01,
GKT,Power & Grounding,Trunk Ground Kit,Harger,GK-TRK-12,HGR-GKTRK-SYN,CA-283236,Trunk ground kit for hybrid cable up to 1.25 in,KIT,VFM,Y,36,,,,,,,,,1,2026-01-01,
GBAR,Power & Grounding,Ground Bar,Harger,GB-20-TT,HGR-GB20-SYN,CA-473277,"Tower-top ground bar, 20-hole, tinned copper",EA,VFM,Y,85,,,,,,,,,1,2026-01-01,
HANGER,Ancillary,Cable Support,CommScope,SNAP-3S,SNAP-3S-SYN,CA-291571,"Snap-in hanger, 3-stack",EA,VFM,Y,6,,,,,,,,,1,2026-01-01,
HOIST,Ancillary,Cable Support,CommScope,HG-125,HG-125-SYN,CA-301477,Hoist grip for hybrid cable,EA,VFM,Y,40,,,,,,,,,1,2026-01-01,
WPK,Ancillary,Weatherproofing,CommScope,WPK-UNIV,WPK-UNIV-SYN,CA-943565,Weatherproofing kit (butyl mastic + vinyl tape),KIT,VFM,Y,22,,,,,,,,,1,2026-01-01,
LABEL,Ancillary,Labeling,Brady,LBL-SET-RF,BRD-LBLRF-SYN,CA-493243,Cable and equipment label set,SET,VFM,Y,18,,,,,,,,,1,2026-01-01,
TIES,Ancillary,Consumables,Thomas & Betts,CT-UV-100,TB-CTUV100-SYN,CA-250671,"Cable ties, UV-resistant, 100-pack",BAG,VFM,Y,14,,,,,,,,,1,2026-01-01,
HWKIT,Ancillary,Consumables,Site Pro 1,HW-SS-KIT,SP1-HWSS-SYN,CA-578837,"Stainless hardware kit (bolts, nuts, washers)",KIT,VFM,Y,55,,,,,,,,,1,2026-01-01,
HEAT,Ancillary,Consumables,TE Connectivity,HS-KIT,TE-HSKIT-SYN,CA-558814,"Heat-shrink kit, assorted",KIT,VFM,Y,30,,,,,,,,,1,2026-01-01,
