MARKET,SERVICE_PROVIDER,DRIVER_CODE,UNIT_RATE_USD,VERSION,EFFECTIVE_FROM,EFFECTIVE_TO,NOTES
DFW,*,FPP-ANT-INS,650,1,2026-01-01,,ILLUSTRATIVE rates - not real pricing
DFW,*,FPP-ANT-RMV,350,1,2026-01-01,,ILLUSTRATIVE
DFW,*,FPP-ANT-REL,450,1,2026-01-01,,ILLUSTRATIVE
DFW,*,FPP-AAU-INS,1100,1,2026-01-01,,ILLUSTRATIVE
DFW,*,FPP-AAU-RMV,500,1,2026-01-01,,ILLUSTRATIVE
DFW,*,FPP-AAU-REL,700,1,2026-01-01,,ILLUSTRATIVE
DFW,*,FPP-RRU-INS,450,1,2026-01-01,,ILLUSTRATIVE
DFW,*,FPP-RRU-RMV,250,1,2026-01-01,,ILLUSTRATIVE
DFW,*,FPP-RRU-REL,300,1,2026-01-01,,ILLUSTRATIVE
DFW,*,FPP-RRU-REU,350,1,2026-01-01,,ILLUSTRATIVE
DFW,*,FPP-BB-INS,800,1,2026-01-01,,ILLUSTRATIVE
DFW,*,FPP-HYB-200,1900,1,2026-01-01,,ILLUSTRATIVE
DFW,*,FPP-HYB-350,2600,1,2026-01-01,,ILLUSTRATIVE
DFW,*,FPP-OVP-INS,300,1,2026-01-01,,ILLUSTRATIVE
DFW,*,FPP-PIPE-INS,275,1,2026-01-01,,ILLUSTRATIVE
DFW,*,FPP-FRAME-INS,2400,1,2026-01-01,,ILLUSTRATIVE
DFW,*,FPP-SLED-INS,1200,1,2026-01-01,,ILLUSTRATIVE
DFW,*,FPP-MRK-INS,900,1,2026-01-01,,ILLUSTRATIVE
DFW,*,FPP-RECT-INS,250,1,2026-01-01,,ILLUSTRATIVE
DFW,*,FPP-GND-SEC,220,1,2026-01-01,,ILLUSTRATIVE
DFW,*,FPP-AZ-ADJ,600,1,2026-01-01,,ILLUSTRATIVE
DFW,*,FPP-CRANE,4800,1,2026-01-01,,ILLUSTRATIVE
DFW,*,FPP-MANLIFT,950,1,2026-01-01,,ILLUSTRATIVE
DFW,*,FPP-RIG-PLAN,1500,1,2026-01-01,,ILLUSTRATIVE
DFW,*,FPP-SITE-MOB,1800,1,2026-01-01,,ILLUSTRATIVE
DFW,Redline Constructors (synthetic),FPP-CRANE,5200,1,2026-01-01,,ILLUSTRATIVE SP-specific override
