DRIVER_CODE,DESCRIPTION,DELTA_ACTION,EQUIPMENT_CLASS,UOM,QTY_BASIS,NOTES,VERSION,EFFECTIVE_FROM,EFFECTIVE_TO
FPP-ANT-INS,Install passive panel antenna,NEW,passive,EA,per device,Illustrative FPP code - confirm in Discovery,1,2026-01-01,
FPP-ANT-RMV,Remove passive panel antenna,REMOVED,passive,EA,per device,Illustrative,1,2026-01-01,
FPP-ANT-REL,Relocate passive antenna to another position,RELOCATED,passive,EA,per device,Illustrative,1,2026-01-01,
FPP-AAU-INS,Install active antenna unit (AAU),NEW,air,EA,per device,Illustrative,1,2026-01-01,
FPP-AAU-RMV,Remove active antenna unit (AAU),REMOVED,air,EA,per device,Illustrative,1,2026-01-01,
FPP-AAU-REL,Relocate AAU to another position,RELOCATED,air,EA,per device,Illustrative,1,2026-01-01,
FPP-RRU-INS,Install remote radio unit,NEW,radio,EA,per device,Illustrative,1,2026-01-01,
FPP-RRU-RMV,Remove remote radio unit,REMOVED,radio,EA,per device,Illustrative,1,2026-01-01,
FPP-RRU-REL,Relocate / reuse remote radio unit,RELOCATED,radio,EA,per device,Illustrative,1,2026-01-01,
FPP-RRU-REU,Reinstall reused remote radio unit,REUSED,radio,EA,per device,Illustrative,1,2026-01-01,
FPP-BB-INS,Install baseband in existing cabinet,NEW,baseband,EA,per device,Illustrative,1,2026-01-01,
FPP-HYB-200,Install hybrid trunk up to 200 ft,NEW,trunk_le_200,EA,per trunk,Length band from CD/field,1,2026-01-01,
FPP-HYB-350,Install hybrid trunk 201-350 ft,NEW,trunk_gt_200,EA,per trunk,Length band from CD/field,1,2026-01-01,
FPP-OVP-INS,Install OVP surge box (top or base),NEW,ovp,EA,per box,Illustrative,1,2026-01-01,
FPP-PIPE-INS,Install antenna mount pipe,NEW,pipe,EA,per pipe,Illustrative,1,2026-01-01,
FPP-FRAME-INS,Replace T-arm with new sector frame,NEW,frame,EA,per sector,Illustrative,1,2026-01-01,
FPP-SLED-INS,Install non-penetrating roof sled,NEW,sled,EA,per sled,Illustrative,1,2026-01-01,
FPP-MRK-INS,Install mount reinforcement kit,NEW,mrk,EA,per kit,Illustrative,1,2026-01-01,
FPP-RECT-INS,Install rectifier module,NEW,rectifier,EA,per module,Illustrative,1,2026-01-01,
FPP-GND-SEC,Sector grounding (ground bar and bonds),NEW,ground_bar,EA,per sector,Illustrative,1,2026-01-01,
FPP-AZ-ADJ,Re-orient sector to design azimuth,ADJUST,sector,EA,per sector,From azimuth field discrepancy,1,2026-01-01,
FPP-CRANE,Crane mobilisation and day,REQUIREMENT,crane,DAY,per crane day,From site requirement rules,1,2026-01-01,
FPP-MANLIFT,Man-lift rental,REQUIREMENT,manlift,DAY,per day,From site requirement rules,1,2026-01-01,
FPP-RIG-PLAN,Rigging plan (ANSI/TIA-322),REQUIREMENT,rigging_plan,EA,per site,Class from site requirement rules,1,2026-01-01,
FPP-SITE-MOB,Site mobilisation and closeout,REQUIREMENT,site,EA,per site,Always one per site,1,2026-01-01,
