ENTITY_TYPE,FROM_STATE,ACTION,TO_STATE,ALLOWED_ROLES,REQUIRES_REASON,REQUIRES_COMMENT,NOTIFY_ROLES,DESCRIPTION
SITE_SCOPING,ASSIGNED,INGEST,DOCS_INGESTED,SCOPER;ADMIN;SYSTEM,N,N,SCOPER,Documents registered
SITE_SCOPING,DOCS_INGESTED,EXTRACT,EXTRACTED,SCOPER;ADMIN;SYSTEM,N,N,SCOPER,Extraction finished
SITE_SCOPING,EXTRACTED,RECONCILE,IN_RECONCILIATION,SCOPER;ADMIN;SYSTEM,N,N,SCOPER,Consistency rules run
SITE_SCOPING,IN_RECONCILIATION,GENERATE,IN_SCOPING,SCOPER;ADMIN;SYSTEM,N,N,SCOPER,REV n generated
SITE_SCOPING,IN_SCOPING,SUBMIT_REVIEW,IN_REVIEW,SCOPER,N,N,REVIEWER,Scoper submits package for QA
SITE_SCOPING,IN_REVIEW,RETURN_TO_SCOPER,IN_SCOPING,REVIEWER,Y,Y,SCOPER,Reviewer sends back
SITE_SCOPING,IN_REVIEW,SUBMIT_TO_SP,SP_HANDSHAKE,REVIEWER,N,N,CX_SP,Approved package to SP
SITE_SCOPING,SP_HANDSHAKE,SP_REQUEST_CHANGES,IN_SCOPING,CX_SP,Y,Y,SCOPER;REVIEWER,SP change request creates next revision
SITE_SCOPING,SP_HANDSHAKE,SP_AGREE,SUBMITTED_FBA,CX_SP,N,N,ERICSSON;REVIEWER,SP agreed BOM and SoW
SITE_SCOPING,SUBMITTED_FBA,APPROVE_FBA,FBA_APPROVED,ERICSSON,N,N,REVIEWER;SCOPER,Final BOM Approval
SITE_SCOPING,SUBMITTED_FBA,REJECT_FBA,IN_SCOPING,ERICSSON,Y,Y,REVIEWER;SCOPER,Ericsson rejects
SITE_SCOPING,FBA_APPROVED,TRIGGER_REWORK,REWORK,ERICSSON;REVIEWER,Y,Y,SCOPER,Post-FBA change
SITE_SCOPING,REWORK,GENERATE,IN_SCOPING,SCOPER;SYSTEM,N,N,SCOPER,Next revision generated
SITE_SCOPING,*,HOLD,ON_HOLD,REVIEWER;ERICSSON;EHS;ADMIN;SYSTEM,Y,Y,SCOPER;REVIEWER,Put on hold
SITE_SCOPING,ON_HOLD,RELEASE,IN_SCOPING,REVIEWER;ERICSSON;ADMIN,Y,Y,SCOPER,Release hold
DISCREPANCY,OPEN,CONFIRM,CONFIRMED,SCOPER;REVIEWER,N,N,,Scoper confirms
DISCREPANCY,OPEN,DISMISS,DISMISSED,SCOPER;REVIEWER,Y,Y,REVIEWER,Scoper dismisses
DISCREPANCY,CONFIRMED,CREATE_REDLINE,REDLINED,SCOPER;REVIEWER,N,N,REVIEWER,Redline drafted
DISCREPANCY,CONFIRMED,RAISE_RFI,RFI_RAISED,SCOPER;REVIEWER,N,N,ERICSSON,RFI raised
DISCREPANCY,CONFIRMED,ADJUST_BOM,BOM_ADJUSTED,SCOPER;REVIEWER,N,N,REVIEWER,Handled in the BOM
DISCREPANCY,REDLINED,RESOLVE,RESOLVED,REVIEWER;AE_ENGINEER,Y,N,SCOPER,Corrected document received
DISCREPANCY,RFI_RAISED,RESOLVE,RESOLVED,REVIEWER;ERICSSON,Y,N,SCOPER,RFI answered
DISCREPANCY,BOM_ADJUSTED,RESOLVE,RESOLVED,REVIEWER,N,N,SCOPER,BOM change approved
DISCREPANCY,RESOLVED,CLOSE,CLOSED,REVIEWER,N,N,,Closed
DISCREPANCY,DISMISSED,REOPEN,OPEN,REVIEWER,Y,Y,SCOPER,Reopened
REDLINE,DRAFT,APPROVE,APPROVED,REVIEWER,N,N,SCOPER,Reviewer approves
REDLINE,DRAFT,REJECT,REJECTED,REVIEWER,Y,Y,SCOPER,Reviewer rejects draft
REDLINE,APPROVED,SEND,SENT_TO_AE,REVIEWER;SCOPER,N,N,AE_ENGINEER,Sent to A&E
REDLINE,SENT_TO_AE,ACKNOWLEDGE,ACKNOWLEDGED,AE_ENGINEER,N,N,SCOPER,A&E acknowledged
REDLINE,ACKNOWLEDGED,INCORPORATE,INCORPORATED,AE_ENGINEER,Y,N,SCOPER;REVIEWER,New revision issued
REDLINE,ACKNOWLEDGED,REJECT,REJECTED,AE_ENGINEER,Y,Y,SCOPER;REVIEWER,A&E rejects
RFI,DRAFT,SUBMIT,SUBMITTED,REVIEWER;SCOPER,N,N,ERICSSON,RFI submitted
RFI,SUBMITTED,ANSWER,ANSWERED,ERICSSON,N,Y,SCOPER,Ericsson answers
RFI,ANSWERED,CLOSE,CLOSED,REVIEWER;SCOPER,N,N,,Closed
BOM_REVISION,DRAFT,SUBMIT_REVIEW,IN_REVIEW,SCOPER,N,N,REVIEWER,Submitted to reviewer
BOM_REVISION,IN_REVIEW,RETURN,DRAFT,REVIEWER,Y,Y,SCOPER,Returned to scoper
BOM_REVISION,IN_REVIEW,APPROVE,APPROVED,REVIEWER,N,N,SCOPER,Approved and locked
BOM_REVISION,APPROVED,SEND_TO_SP,SP_REVIEW,REVIEWER,N,N,CX_SP,Handshake starts
BOM_REVISION,SP_REVIEW,SP_REQUEST_CHANGES,SP_CHANGES_REQUESTED,CX_SP,Y,Y,SCOPER;REVIEWER,SP change request
BOM_REVISION,SP_REVIEW,SP_AGREE,SP_AGREED,CX_SP,N,N,ERICSSON;REVIEWER,SP agrees
BOM_REVISION,SP_AGREED,APPROVE_FBA,FBA,ERICSSON,N,N,REVIEWER;SCOPER,Final BOM Approval
EHS_ALERT,OPEN,ACKNOWLEDGE,ACKNOWLEDGED,EHS,N,N,REVIEWER,EH&S acknowledges
EHS_ALERT,ACKNOWLEDGED,MITIGATE,MITIGATED,EHS,N,Y,REVIEWER,Mitigation recorded
