ENTITY_TYPE,STATE,SEQ,IS_INITIAL,IS_TERMINAL,IS_LOCKED,OWNER_ROLE,DESCRIPTION
SITE_SCOPING,ASSIGNED,10,Y,N,N,SCOPER,Site assigned from tool of record; documents expected
SITE_SCOPING,DOCS_INGESTED,20,N,N,N,SCOPER,All required documents registered (latest revisions resolved)
SITE_SCOPING,EXTRACTED,30,N,N,N,SCOPER,Documents read; low-confidence fields queued for review
SITE_SCOPING,IN_RECONCILIATION,40,N,N,N,SCOPER,Consistency rules run; discrepancies being confirmed
SITE_SCOPING,IN_SCOPING,50,N,N,N,SCOPER,Delta + REV n BOM + drivers generated; scoper editing
SITE_SCOPING,IN_REVIEW,60,N,N,N,REVIEWER,Scoping package with the reviewer
SITE_SCOPING,SP_HANDSHAKE,70,N,N,N,CX_SP,BOM/SoW/drivers submitted to the CX SP
SITE_SCOPING,SUBMITTED_FBA,80,N,N,N,ERICSSON,Final revision submitted for Final BOM Approval
SITE_SCOPING,FBA_APPROVED,90,N,N,Y,ERICSSON,Final BOM Approval given - invoiceable; revision locked
SITE_SCOPING,REWORK,95,N,N,N,SCOPER,Post-FBA change (material availability / GC change / rapid response)
SITE_SCOPING,ON_HOLD,99,N,N,N,REVIEWER,Blocked (RFI outstanding or structure fails SA)
DISCREPANCY,OPEN,10,Y,N,N,SCOPER,Raised by a rule; awaiting scoper confirmation
DISCREPANCY,CONFIRMED,20,N,N,N,SCOPER,Scoper confirmed it is real
DISCREPANCY,DISMISSED,30,N,Y,N,SCOPER,Scoper dismissed it (reason code required)
DISCREPANCY,REDLINED,40,N,N,N,REVIEWER,Redline item created and pending A&E
DISCREPANCY,RFI_RAISED,45,N,N,N,ERICSSON,RFI sent to Ericsson
DISCREPANCY,BOM_ADJUSTED,48,N,N,N,SCOPER,Handled through a BOM change
DISCREPANCY,RESOLVED,50,N,N,N,REVIEWER,Corrected document received / RFI answered
DISCREPANCY,CLOSED,60,N,Y,N,REVIEWER,Closed by reviewer
REDLINE,DRAFT,10,Y,N,N,SCOPER,Generated or drafted by the scoper
REDLINE,APPROVED,20,N,N,N,REVIEWER,Reviewer approved the redline for release
REDLINE,SENT_TO_AE,30,N,N,N,AE_ENGINEER,Redline pack sent to the A&E firm
REDLINE,ACKNOWLEDGED,40,N,N,N,AE_ENGINEER,A&E acknowledged
REDLINE,INCORPORATED,50,N,Y,N,AE_ENGINEER,Corrected revision issued
REDLINE,REJECTED,60,N,Y,N,AE_ENGINEER,A&E rejected (justification required)
RFI,DRAFT,10,Y,N,N,SCOPER,Drafted from a discrepancy
RFI,SUBMITTED,20,N,N,N,ERICSSON,Submitted to Ericsson
RFI,ANSWERED,30,N,N,N,SCOPER,Ericsson answered
RFI,CLOSED,40,N,Y,N,REVIEWER,Answer applied and closed
BOM_REVISION,REV0_RECEIVED,10,Y,N,Y,SCOPER,Ericsson preliminary REV 0 (read-only)
BOM_REVISION,DRAFT,20,Y,N,N,SCOPER,REV n generated by rules plus scoper edits
BOM_REVISION,IN_REVIEW,30,N,N,N,REVIEWER,With the reviewer
BOM_REVISION,APPROVED,40,N,N,Y,REVIEWER,Approved and locked by the reviewer
BOM_REVISION,SP_REVIEW,50,N,N,Y,CX_SP,With the CX SP for the handshake
BOM_REVISION,SP_CHANGES_REQUESTED,55,N,Y,Y,SCOPER,SP asked for changes - next revision required
BOM_REVISION,SP_AGREED,60,N,N,Y,ERICSSON,SP agreed BOM and SoW
BOM_REVISION,FBA,70,N,Y,Y,ERICSSON,Final BOM Approval - never editable
BOM_REVISION,SUPERSEDED,80,N,Y,Y,,Replaced by a later revision
EHS_ALERT,OPEN,10,Y,N,N,EHS,Safety / structural alert raised
EHS_ALERT,ACKNOWLEDGED,20,N,N,N,EHS,EH&S acknowledged
EHS_ALERT,MITIGATED,30,N,Y,N,EHS,Mitigation recorded
