Id,Project__c,Name,Forecast_Date__c,Actual_Date__c,Status__c,Sequence__c
a0M18G6227h9wyUAAA,a0P6Tb3K75tGdJgAAA,RFDS Final,2026-07-30,2026-07-30,Complete,1
a0M5qzQQBX9HYrcAAA,a0P6Tb3K75tGdJgAAA,Drone Survey Complete,2026-08-11,2026-08-11,Complete,2
a0MwAkeDJv38lNyAAA,a0P6Tb3K75tGdJgAAA,CDs Final (REV 1),2026-08-20,2026-08-20,Complete,3
a0MLN5zs213o4KCAAA,a0P6Tb3K75tGdJgAAA,MA/SA Complete,2026-08-27,2026-08-27,Complete,4
a0MuWZNqqVD17WRAAA,a0P6Tb3K75tGdJgAAA,BOM REV 0 Created,2026-09-04,2026-09-04,Complete,5
a0MZavo6GHURC2MAAA,a0P6Tb3K75tGdJgAAA,Scoping Assigned,2026-09-14,2026-09-14,Complete,6
a0MH2nx52JhB7ESAAA,a0P6Tb3K75tGdJgAAA,BOM REV 1 Submitted,2026-09-21,,Open,7
a0MTPCt6UNXfy29AAA,a0P6Tb3K75tGdJgAAA,CX SP Handshake,2026-09-26,,Open,8
a0MB3j6kuSgduh6AAA,a0P6Tb3K75tGdJgAAA,Final BOM Approval (FBA),2026-10-02,,Open,9
a0M6jWFnmxtdm8qAAA,a0P6Tb3K75tGdJgAAA,Scoping Complete,2026-10-05,,Open,10
a0MhLgyGHnYPvSpAAA,a0PmlMUgfv2EyBpAAA,RFDS Final,2026-07-31,2026-07-31,Complete,1
a0MNVi7FPyZuxj1AAA,a0PmlMUgfv2EyBpAAA,Drone Survey Complete,2026-08-12,2026-08-12,Complete,2
a0M0dSOKSmtLz9vAAA,a0PmlMUgfv2EyBpAAA,CDs Final (REV 1),2026-08-21,2026-08-21,Complete,3
a0MNC6ILBCettvcAAA,a0PmlMUgfv2EyBpAAA,MA/SA Complete,2026-08-28,2026-08-28,Complete,4
a0MMmC6OAUD7VzMAAA,a0PmlMUgfv2EyBpAAA,BOM REV 0 Created,2026-09-05,2026-09-05,Complete,5
a0MoPvenSGIaqX7AAA,a0PmlMUgfv2EyBpAAA,Scoping Assigned,2026-09-14,2026-09-14,Complete,6
a0MTwblrxSvOhVtAAA,a0PmlMUgfv2EyBpAAA,BOM REV 1 Submitted,2026-09-21,,Open,7
a0MXx2pugdo1VQpAAA,a0PmlMUgfv2EyBpAAA,CX SP Handshake,2026-09-26,,Open,8
a0MOpQk590bVXtWAAA,a0PmlMUgfv2EyBpAAA,Final BOM Approval (FBA),2026-10-02,,Open,9
a0MGtO3UwV0V1YpAAA,a0PmlMUgfv2EyBpAAA,Scoping Complete,2026-10-05,,Open,10
a0MMQPvqJrREioOAAA,a0POfdrVS8pPWVvAAA,RFDS Final,2026-08-01,2026-08-01,Complete,1
a0MsHIjF8GTUrNPAAA,a0POfdrVS8pPWVvAAA,Drone Survey Complete,2026-08-13,2026-08-13,Complete,2
a0MC30yIvgcr4PfAAA,a0POfdrVS8pPWVvAAA,CDs Final (REV 1),2026-08-22,2026-08-22,Complete,3
a0MFaJk1PfqJeY2AAA,a0POfdrVS8pPWVvAAA,MA/SA Complete,2026-08-29,2026-08-29,Complete,4
a0MEZEcJKpdOBmOAAA,a0POfdrVS8pPWVvAAA,BOM REV 0 Created,2026-09-06,2026-09-06,Complete,5
a0MOESynrlZ7TEcAAA,a0POfdrVS8pPWVvAAA,Scoping Assigned,2026-09-15,2026-09-15,Complete,6
a0M6YHYIr7tUM8iAAA,a0POfdrVS8pPWVvAAA,BOM REV 1 Submitted,2026-09-22,,Open,7
a0MM00ZrclxzmlwAAA,a0POfdrVS8pPWVvAAA,CX SP Handshake,2026-09-27,,Open,8
a0MGm99QJ4ZMICPAAA,a0POfdrVS8pPWVvAAA,Final BOM Approval (FBA),2026-10-03,,Open,9
a0MNG2ldecVjYK5AAA,a0POfdrVS8pPWVvAAA,Scoping Complete,2026-10-06,,Open,10
a0MxPZZR3LZU6dhAAA,a0PLyJSuSFYCb4IAAA,RFDS Final,2026-08-02,2026-08-02,Complete,1
a0MHQOBjttwWlytAAA,a0PLyJSuSFYCb4IAAA,Drone Survey Complete,2026-08-14,2026-08-14,Complete,2
a0MdcI49wKCv2KGAAA,a0PLyJSuSFYCb4IAAA,CDs Final (REV 1),2026-08-23,2026-08-23,Complete,3
a0MEqHjON0tgvF6AAA,a0PLyJSuSFYCb4IAAA,MA/SA Complete,2026-08-30,2026-08-30,Complete,4
a0M1VosAeTRn3PeAAA,a0PLyJSuSFYCb4IAAA,BOM REV 0 Created,2026-09-07,2026-09-07,Complete,5
a0M7OgABCmgtC27AAA,a0PLyJSuSFYCb4IAAA,Scoping Assigned,2026-09-14,2026-09-14,Complete,6
a0MEgMCJo9E5ZlFAAA,a0PLyJSuSFYCb4IAAA,BOM REV 1 Submitted,2026-09-21,,Open,7
a0M6eRiQMWMooOhAAA,a0PLyJSuSFYCb4IAAA,CX SP Handshake,2026-09-26,,Open,8
a0M2pGD9Mg7aFXDAAA,a0PLyJSuSFYCb4IAAA,Final BOM Approval (FBA),2026-10-02,,Open,9
a0MXhUIfQqiJ8xlAAA,a0PLyJSuSFYCb4IAAA,Scoping Complete,2026-10-05,,Open,10
a0M9Vs49KDtKWxQAAA,a0Pl6vfRUJFM8czAAA,RFDS Final,2026-08-03,2026-08-03,Complete,1
a0MxVCKXoTkYYXCAAA,a0Pl6vfRUJFM8czAAA,Drone Survey Complete,2026-08-15,2026-08-15,Complete,2
a0MNJ39hIGDkI5XAAA,a0Pl6vfRUJFM8czAAA,CDs Final (REV 1),2026-08-24,2026-08-24,Complete,3
a0MNG6uCWDp9D3pAAA,a0Pl6vfRUJFM8czAAA,MA/SA Complete,2026-08-31,2026-08-31,Complete,4
a0M4h3HnqIDozsMAAA,a0Pl6vfRUJFM8czAAA,BOM REV 0 Created,2026-09-08,2026-09-08,Complete,5
a0MOPTxbxNl5EF2AAA,a0Pl6vfRUJFM8czAAA,Scoping Assigned,2026-09-15,2026-09-15,Complete,6
a0MH7HUhCRxrqr8AAA,a0Pl6vfRUJFM8czAAA,BOM REV 1 Submitted,2026-09-22,,Open,7
a0MH8KqtlTged7IAAA,a0Pl6vfRUJFM8czAAA,CX SP Handshake,2026-09-27,,Open,8
a0MXByL2hzj6z7tAAA,a0Pl6vfRUJFM8czAAA,Final BOM Approval (FBA),2026-10-03,,Open,9
a0MeNoL3mbz6lKEAAA,a0Pl6vfRUJFM8czAAA,Scoping Complete,2026-10-06,,Open,10
a0MIFDhEbsomPXiAAA,a0P2SJLnJiWv7wJAAA,RFDS Final,2026-08-06,2026-08-06,Complete,1
a0MPhdJ0s5yVvIQAAA,a0P2SJLnJiWv7wJAAA,Drone Survey Complete,2026-08-18,2026-08-18,Complete,2
a0M3WNAFYMmml3gAAA,a0P2SJLnJiWv7wJAAA,CDs Final (REV 1),2026-08-27,2026-08-27,Complete,3
a0MfbLb04Z72vcWAAA,a0P2SJLnJiWv7wJAAA,MA/SA Complete,2026-09-03,2026-09-03,Complete,4
a0McCsqoDr58Qg1AAA,a0P2SJLnJiWv7wJAAA,BOM REV 0 Created,2026-09-11,2026-09-11,Complete,5
a0M0qz090aXpMROAAA,a0P2SJLnJiWv7wJAAA,Scoping Assigned,2026-09-15,2026-09-15,Complete,6
a0MZHHMBaxYqaTrAAA,a0P2SJLnJiWv7wJAAA,BOM REV 1 Submitted,2026-09-22,,Open,7
a0MFN1rUhy0kErPAAA,a0P2SJLnJiWv7wJAAA,CX SP Handshake,2026-09-27,,Open,8
a0M40VhyXRqKqguAAA,a0P2SJLnJiWv7wJAAA,Final BOM Approval (FBA),2026-10-03,,Open,9
a0Mba3QVn1qlNqZAAA,a0P2SJLnJiWv7wJAAA,Scoping Complete,2026-10-06,,Open,10
a0M3KinmJbcSLMGAAA,a0PcmPZ3sBi4GVaAAA,RFDS Final,2026-08-07,2026-08-07,Complete,1
a0MLE56LaMcTLHFAAA,a0PcmPZ3sBi4GVaAAA,Drone Survey Complete,2026-08-19,2026-08-19,Complete,2
a0MpEzeIPCcde2OAAA,a0PcmPZ3sBi4GVaAAA,CDs Final (REV 1),2026-08-28,2026-08-28,Complete,3
a0MOGmKElenbYvhAAA,a0PcmPZ3sBi4GVaAAA,MA/SA Complete,2026-09-04,2026-09-04,Complete,4
a0MPsax62Htba9tAAA,a0PcmPZ3sBi4GVaAAA,BOM REV 0 Created,2026-09-12,2026-09-12,Complete,5
a0Mnc2qhx0jB9trAAA,a0PcmPZ3sBi4GVaAAA,Scoping Assigned,2026-09-17,2026-09-17,Complete,6
a0MJaF7sYTTj2WkAAA,a0PcmPZ3sBi4GVaAAA,BOM REV 1 Submitted,2026-09-24,,Open,7
a0MYONummv6f3fzAAA,a0PcmPZ3sBi4GVaAAA,CX SP Handshake,2026-09-29,,Open,8
a0MmC9cjylJL42tAAA,a0PcmPZ3sBi4GVaAAA,Final BOM Approval (FBA),2026-10-05,,Open,9
a0MjLNDpD3WbS4SAAA,a0PcmPZ3sBi4GVaAAA,Scoping Complete,2026-10-08,,Open,10
a0MPRozp3Mk7eKvAAA,a0P8MCgSgKc6B27AAA,RFDS Final,2026-08-08,2026-08-08,Complete,1
a0MrgPYpVf7DbpHAAA,a0P8MCgSgKc6B27AAA,Drone Survey Complete,2026-08-20,2026-08-20,Complete,2
a0MtUdlPFqxGA2tAAA,a0P8MCgSgKc6B27AAA,CDs Final (REV 1),2026-08-29,2026-08-29,Complete,3
a0Mb7uRGAAI4BRuAAA,a0P8MCgSgKc6B27AAA,MA/SA Complete,2026-09-05,2026-09-05,Complete,4
a0Mnvxf50s3X2PhAAA,a0P8MCgSgKc6B27AAA,BOM REV 0 Created,2026-09-13,2026-09-13,Complete,5
a0MbRZsOjc1yAqeAAA,a0P8MCgSgKc6B27AAA,Scoping Assigned,2026-09-16,2026-09-16,Complete,6
a0MxEKyhOVFHoD5AAA,a0P8MCgSgKc6B27AAA,BOM REV 1 Submitted,2026-09-23,,Open,7
a0MjnPVJA5ZJIR4AAA,a0P8MCgSgKc6B27AAA,CX SP Handshake,2026-09-28,,Open,8
a0MgEDy0hvfuXuPAAA,a0P8MCgSgKc6B27AAA,Final BOM Approval (FBA),2026-10-04,,Open,9
a0M4WdmCI2n3QGhAAA,a0P8MCgSgKc6B27AAA,Scoping Complete,2026-10-07,,Open,10
a0M17russ7lZnMpAAA,a0PFwEmjAsFH97eAAA,RFDS Final,2026-08-09,2026-08-09,Complete,1
a0MLyrDUyG6W5kWAAA,a0PFwEmjAsFH97eAAA,Drone Survey Complete,2026-08-21,2026-08-21,Complete,2
a0MzsBU7YTabMQXAAA,a0PFwEmjAsFH97eAAA,CDs Final (REV 1),2026-08-30,2026-08-30,Complete,3
a0MsIJ2o2NxRd3XAAA,a0PFwEmjAsFH97eAAA,MA/SA Complete,2026-09-06,2026-09-06,Complete,4
a0MExXBcKqolnt2AAA,a0PFwEmjAsFH97eAAA,BOM REV 0 Created,2026-09-14,2026-09-14,Complete,5
a0MwmTMn7sUl0gzAAA,a0PFwEmjAsFH97eAAA,Scoping Assigned,2026-09-15,2026-09-15,Complete,6
a0MjM5qunK6d5JKAAA,a0PFwEmjAsFH97eAAA,BOM REV 1 Submitted,2026-09-22,,Open,7
a0MbT4ASWhu58zgAAA,a0PFwEmjAsFH97eAAA,CX SP Handshake,2026-09-27,,Open,8
a0MBZAUgHdih4vxAAA,a0PFwEmjAsFH97eAAA,Final BOM Approval (FBA),2026-10-03,,Open,9
a0MQJDbycNsAJB3AAA,a0PFwEmjAsFH97eAAA,Scoping Complete,2026-10-06,,Open,10
a0MmBh0C6kaCBaoAAA,a0Pn40cNAmISCfHAAA,RFDS Final,2026-08-10,2026-08-10,Complete,1
a0MmhLiX9ewY01SAAA,a0Pn40cNAmISCfHAAA,Drone Survey Complete,2026-08-22,2026-08-22,Complete,2
a0MYzbE0HZNWRpSAAA,a0Pn40cNAmISCfHAAA,CDs Final (REV 1),2026-08-31,2026-08-31,Complete,3
a0MzTR0zDquOGlRAAA,a0Pn40cNAmISCfHAAA,MA/SA Complete,2026-09-07,2026-09-07,Complete,4
a0MYTOUYuw8v9DUAAA,a0Pn40cNAmISCfHAAA,BOM REV 0 Created,2026-09-15,2026-09-15,Complete,5
a0MdhjJoGLVqh5ZAAA,a0Pn40cNAmISCfHAAA,Scoping Assigned,2026-09-15,2026-09-15,Complete,6
a0Mol7TASs3Cf8XAAA,a0Pn40cNAmISCfHAAA,BOM REV 1 Submitted,2026-09-22,,Open,7
a0M5Cbym3BFTg45AAA,a0Pn40cNAmISCfHAAA,CX SP Handshake,2026-09-27,,Open,8
a0MRfGAAkw4DoICAAA,a0Pn40cNAmISCfHAAA,Final BOM Approval (FBA),2026-10-03,,Open,9
a0MkTshrqIdYMCqAAA,a0Pn40cNAmISCfHAAA,Scoping Complete,2026-10-06,,Open,10
