path,site_id,folder,bytes,sha256
README.md,,README.md,6307,bf4bc7c1f091bb186a28e156a5dd23edf55e0ded603996434be522817072052a
answer_key/final_engineer_BOM_REV1.csv,,answer_key,157074,0fdadac92a4e56e29afb71a4ea9bb0d5d6eb3a7afd5c7986a2258b14e060d920
answer_key/final_engineer_BOM_REV1.xlsx,,answer_key,187054,b517823e65dc986d0ba4576b5dee3480082a81b72dbe00de4a97450d02224cb9
answer_key/pointcloud_truth_objects.csv,,answer_key,26402,15d24935c8f96c25d13f2d8fee8257e8a30c4d59b0abea500abf56cc92413b06
answer_key/rev0_vs_final_diff.csv,,answer_key,3357,cedd1dd4e111e44f1f7a7726a86a9a7dfc10e181aec98ab453679a522732300f
answer_key/seeded_discrepancies.csv,,answer_key,3972,1d9be5d1128b661a971dfb20485aff777430b3fa41969920e7a80779267115e2
answer_key/site_truth.json,,answer_key,106284,ea14983ee7b9ecb066a13fb672865657261e828ae4b379316676241ce7e588bf
generator/RUN.txt,,generator,198,8dd533a2792328cdf60f0c376e8f8206aa2b2a40410923f59b6aa16dd41e2e46
generator/build.py,,generator,9017,319fe968b2aa8c659853f5f7095e28b916a0a6fea7c87757f5ab8a31acc8270f
generator/cd.py,,generator,18384,be795a617e361b8840d5e0bfc0ee783e1fc9249ce6c52610b1f5ab3fda59c044
generator/docs.py,,generator,20237,ea614753dc783e3d718984f28f8011a9c87e9517178380abcde150b0a98952d1
generator/drone.py,,generator,16824,f46363952e0f4da3d36628fd6da6abde1d92278c9ac8b3d2823e809e691fb0dc
generator/model.py,,generator,36581,392074f214636247753085bc2bc464e7c0aef3ed4bbc877c896bbde8fe5302f7
reference/bom_rules.xlsx,,reference,7691,c4d7422d1958cb726016628ad352839e78f5f86caf45866a86fe06f763b462b2
reference/material_catalog.xlsx,,reference,11524,98973278c20a3b3246f3dbbb53ee39503192d99cb98741b233ba5d3a69e01ba3
sites/TXAD0405/bom/TXAD0405_BOM_REV0_preliminary.xlsx,TXAD0405,bom,12340,554c585db6fcbdff8851b4793d031b0b8b322fbf852616a96c702ce8fb8074df
sites/TXAD0405/cds/TXAD0405_CD_REV1.pdf,TXAD0405,cds,907548,9a51937be3251a12a8ea3173dbf4454643810f2787c24885e5891f9b13d6990b
sites/TXAD0405/drone/TXAD0405_capture_metadata.json,TXAD0405,drone,2205,685f26f816c884a5f9ae897bffce2440bbe19ebf8e5bbc16fc300729f8dc2ba7
sites/TXAD0405/drone/TXAD0405_pointcloud.laz,TXAD0405,drone,3987814,0a9d22b09f25c1560354891ace9201cd2c80d9c5946c4af47d6a5b8b32575c6d
sites/TXAD0405/drone/imagery/TXAD0405_elevation_full.jpg,TXAD0405,drone,94308,55cb4522312d1e5d8a340b747c244c8d5f59e7a6ea4aa9e34e9b936e0eec1aa1
sites/TXAD0405/drone/imagery/TXAD0405_ortho_stitched.jpg,TXAD0405,drone,141296,aabbaef571ef131f14459bafd77fa7600616d59b4c0b7f608b7f82b83f9f3798
sites/TXAD0405/drone/imagery/TXAD0405_sector_alpha.jpg,TXAD0405,drone,296586,957583144daf50454ede161758c585f956719bb7e45cf5513aa568a5ae4eeb23
sites/TXAD0405/drone/imagery/TXAD0405_sector_beta.jpg,TXAD0405,drone,297898,32519541e8c187e413fff1de2f183790d1a5bd5875578a0c3b7483bdfa9bbd75
sites/TXAD0405/drone/video/TXAD0405_orbit.mp4,TXAD0405,drone,1439146,9cdef80d1029e3050bd806a47278be416116a9a666af6d3bc146ec25f091a71e
sites/TXAD0405/ma_sa/TXAD0405_MA_SA_R0.pdf,TXAD0405,ma_sa,4344,7b5e70f80d1ee8fdcbcb5985f1bf9f1e05d35cb45b2217a4dcd300d945b287b1
sites/TXAD0405/rfds/TXAD0405_RFDS_R3.pdf,TXAD0405,rfds,4880,886be8f932344b6b8682c3e508380d901c03384680c4e7ddecf4437d668842a1
sites/TXCA0977/bom/TXCA0977_BOM_REV0_preliminary.xlsx,TXCA0977,bom,10820,1a02da1c2c2504da7a392deb27dcdc0b4374e20fa2ff3fdefde068ccb7bd67ab
sites/TXCA0977/cds/TXCA0977_CD_REV1.dxf,TXCA0977,cds,204027,030c1aae9dec4dcec70f9c423e2846c6a153f49586f42feacd92e10bb14d62fc
sites/TXCA0977/cds/TXCA0977_CD_REV1.pdf,TXCA0977,cds,928251,a79fe88d450b68921b72e729ee775c32bcea663f917de7832b57c08208b44519
sites/TXCA0977/drone/TXCA0977_capture_metadata.json,TXCA0977,drone,2462,c1971ec3b9d452746fc98cf9ebe855ff6ab448d7cc50206fb740b24146c2275c
sites/TXCA0977/drone/TXCA0977_pointcloud.laz,TXCA0977,drone,2450538,7bce89878785b8e472bf7d172d733dcab14cff9a28a4f0f48a5e80a29072fbc9
sites/TXCA0977/drone/imagery/TXCA0977_elevation_full.jpg,TXCA0977,drone,90368,a7c9d5544939a20f3927659458d1e6f1cdb573f15cb24183626a2b62a267d745
sites/TXCA0977/drone/imagery/TXCA0977_ortho_stitched.jpg,TXCA0977,drone,123341,9c42f2b59a6ace2d91ca4a4103bd6e53e57759704bdefb97c8ae0e0654881c83
sites/TXCA0977/drone/imagery/TXCA0977_sector_alpha.jpg,TXCA0977,drone,111855,956d0b543cdf968fdf1ce8015e790d440e42d10ae5c2a7f73a92a00769f1bb70
sites/TXCA0977/drone/imagery/TXCA0977_sector_beta.jpg,TXCA0977,drone,112002,3aba2fd59c4c736462413bd18639d5c98e3aa74d2b652e25975d72947b38a642
sites/TXCA0977/drone/imagery/TXCA0977_sector_gamma.jpg,TXCA0977,drone,110147,004ac4ef8141bc94889c16536b2da66e09c2a7006f5e9dfeece3513ee6df5862
sites/TXCA0977/drone/video/TXCA0977_orbit.mp4,TXCA0977,drone,225442,e8120b3ff51d6ca5f8a721e8939394e93f1832332033a4ec7f7a67304efe8cd2
sites/TXCA0977/ma_sa/TXCA0977_MA_SA_R0.pdf,TXCA0977,ma_sa,4758,7b7ec95579da68899b607e7261ee28ac2b7feef1d8d6660bac6f920ddc18c10e
sites/TXCA0977/rfds/TXCA0977_RFDS_R3.pdf,TXCA0977,rfds,4943,476f137fc94a4fcc68dacbfe1b9a377faa95724f8ee5ab2714b5a2eab699bd1e
sites/TXDA1024/bom/TXDA1024_BOM_REV0_preliminary.xlsx,TXDA1024,bom,10745,5abd0f46a33f8cb0eb8f1285bd12fefcc718ab5134367ee8387f6e663a4ba01a
sites/TXDA1024/cds/TXDA1024_CD_REV1.dxf,TXDA1024,cds,200211,9d29d12b16d5b8225087736989f90e7683f08b8ca694cd9648f49726c1f06da1
sites/TXDA1024/cds/TXDA1024_CD_REV1.pdf,TXDA1024,cds,912090,c74af6c87a2bfa58306f3c2db38e54f8c3244d4438a410ca9d1a11db884cf6d6
sites/TXDA1024/drone/TXDA1024_capture_metadata.json,TXDA1024,drone,2488,b9bf60d05392f88a453887ee8e801358d4cbb62ef81f7dd2d5cb4136334bb414
sites/TXDA1024/drone/TXDA1024_pointcloud.laz,TXDA1024,drone,2801294,800d44516ce7d92722ae3f00ab953a4f4db344b15a57b1e4a641d5287eaa0034
sites/TXDA1024/drone/TXDA1024_vendor_measurements.csv,TXDA1024,drone,1649,ecce7be5ea2ae04c671a15f59391e70cc8d4c50614a5b5c9d557ffeaa8e0f1dd
sites/TXDA1024/drone/imagery/TXDA1024_elevation_full.jpg,TXDA1024,drone,96850,8880c8dace4f24bb171974b91e0988fd1824523128da67dd81ee7680847ccaa8
sites/TXDA1024/drone/imagery/TXDA1024_ortho_stitched.jpg,TXDA1024,drone,122583,8cd223cbe026d60a58f9494cff69a7283bcbec66411928a5f9a7ece69880f008
sites/TXDA1024/drone/imagery/TXDA1024_sector_alpha.jpg,TXDA1024,drone,108843,584fa30efd90f4f5ca07e293ca69bfe7591a69cd3ef620ec4ced0d26cf197610
sites/TXDA1024/drone/imagery/TXDA1024_sector_beta.jpg,TXDA1024,drone,108534,b783941eb90457963a3dda41f2873c1a5a4f198b1e3ed3bfbe6a042074a31458
sites/TXDA1024/drone/imagery/TXDA1024_sector_gamma.jpg,TXDA1024,drone,108364,2aceaba6fc2fadfb1dee0282d0de795d10391dd968daee0e43d6c379601c94f7
sites/TXDA1024/drone/video/TXDA1024_orbit.mp4,TXDA1024,drone,133508,3652e292ea7fe9430fc9b630db909edd58bb72581b8085b9dc28223a17f619b6
sites/TXDA1024/ma_sa/TXDA1024_MA_SA_R0.pdf,TXDA1024,ma_sa,4569,adcadbde0ffa99d19e05cebe014c1ea034db0f5893a868c8b926150870584b17
sites/TXDA1024/rfds/TXDA1024_RFDS_R3.xlsx,TXDA1024,rfds,9709,04e734ed147330b94d07e325ac97de8de22451799790fce05fcee881d6695277
sites/TXDE0831/bom/TXDE0831_BOM_REV0_preliminary.xlsx,TXDE0831,bom,15334,b276a37814077c73b418d450fd6dd41bc0972674c50a611460488cb902a063a6
sites/TXDE0831/cds/TXDE0831_CD_REV1.dxf,TXDE0831,cds,226638,a60c591ef45dd8f4d8ef86f8ae4b1327ab0d0fbb2a6cc28fd1647fdd4d61551c
sites/TXDE0831/cds/TXDE0831_CD_REV1.pdf,TXDE0831,cds,1054739,cbaaa7586c37e90312bf72b5abd60ce17bd7191dad78f2b43889043ce3f496cf
sites/TXDE0831/drone/TXDE0831_capture_metadata.json,TXDE0831,drone,2457,49cd2423e33248342facb9cbe3772c6b8a21c98eb19bff6d258b2b3584e581d1
sites/TXDE0831/drone/TXDE0831_pointcloud.laz,TXDE0831,drone,5139454,1a8f3377aeb570625e3955c3f3d1b256338dd20045f2949046f63561172742d2
sites/TXDE0831/drone/imagery/TXDE0831_elevation_full.jpg,TXDE0831,drone,137512,f1ed4d0ea9f545b11f4e532c46a8078b7110dd3c11503d2bdebc28ca5558f44b
sites/TXDE0831/drone/imagery/TXDE0831_ortho_stitched.jpg,TXDE0831,drone,126342,d8f575503e06e75f40e86cb6da2b47f29030d11c1fa8c7af4ef4ab2320e4de44
sites/TXDE0831/drone/imagery/TXDE0831_sector_alpha.jpg,TXDE0831,drone,114026,9c4b9ec59637e23093871c7892790cbec5fb45ff116d0aff77c8893596ce4380
sites/TXDE0831/drone/imagery/TXDE0831_sector_beta.jpg,TXDE0831,drone,112034,8f42f6efd727a4beb332e1561f413c023df9cadd0e461e1c443d3b0f00cb1755
sites/TXDE0831/drone/imagery/TXDE0831_sector_gamma.jpg,TXDE0831,drone,107019,b954c3b4e46f154f6f42f5a56cae865a1e8de90362e49943b1089d3b29562003
sites/TXDE0831/drone/video/TXDE0831_orbit.mp4,TXDE0831,drone,273197,2f405706e712ca038ab5a2e10c309e2682c2b8bbff42de78eaa8603b644e9385
sites/TXDE0831/ma_sa/TXDE0831_MA_SA_R0.pdf,TXDE0831,ma_sa,4547,5803128c781ca3b5b59788ea3c9c19521c8b79d1a7f8a2e3e00b12fe4b8ae86e
sites/TXDE0831/rfds/TXDE0831_RFDS_R3.xlsx,TXDE0831,rfds,8531,6e9913dc57bbd7bec27f8842f4bdb60f114948bb78521739afb4d572d73ba11c
sites/TXFW2217/bom/TXFW2217_BOM_REV0_preliminary.xlsx,TXFW2217,bom,10904,058e71481ca0faf92ac76207cf0cc2717434c22b740ebd13b0913f42fcd670cd
sites/TXFW2217/cds/TXFW2217_CD_REV1.dxf,TXFW2217,cds,208627,c708b7f435ad8907015bba75875c43625c9aa2ca732b7d87262d972009666d71
sites/TXFW2217/cds/TXFW2217_CD_REV1.pdf,TXFW2217,cds,940520,3f3f2a14d4c2f95a46bd5c2ee12c66d73aa0419c9f07ce4d266e0602974902d3
sites/TXFW2217/drone/TXFW2217_capture_metadata.json,TXFW2217,drone,2492,07849f768c3e0d267114e739c8f9c7050747145bbf17e607214da36a38b8a96f
sites/TXFW2217/drone/TXFW2217_pointcloud.laz,TXFW2217,drone,4769557,28fabcefcf4da0bb07fd27e951636924d2448556510280d86c168667381430e1
sites/TXFW2217/drone/TXFW2217_vendor_measurements.csv,TXFW2217,drone,1727,b033c7789170c9b2b7575739224d3c5ab2be49bd0a2866b20edb8b740241a7b3
sites/TXFW2217/drone/imagery/TXFW2217_elevation_full.jpg,TXFW2217,drone,109245,a40b4ac8a837a4d0a41942a53872d5e12e2313f334664c3eb6358844e846a4a8
sites/TXFW2217/drone/imagery/TXFW2217_ortho_stitched.jpg,TXFW2217,drone,122330,75f6d8d6fc9c71888f36acad93327dcbb251f9c762275aa3b6cbc01a128488d4
sites/TXFW2217/drone/imagery/TXFW2217_sector_alpha.jpg,TXFW2217,drone,112016,2f732590e53c3117f0c4ae27ef12b30a87b717c979bb59ea1947ca9b2bee964e
sites/TXFW2217/drone/imagery/TXFW2217_sector_beta.jpg,TXFW2217,drone,125779,bdf4e46bd1cbb2d60806912d4b0a952c0393750652c23ebce2c75f7182c647d8
sites/TXFW2217/drone/imagery/TXFW2217_sector_gamma.jpg,TXFW2217,drone,124663,0bc8fa4cbb3eba33a0626e6b47c68c89d617d3afbd0e6846feda45738719e764
sites/TXFW2217/drone/video/TXFW2217_orbit.mp4,TXFW2217,drone,191252,24227269d35f4434bb28a22a6e892f3002dba9e759c78f36a2357282963d5298
sites/TXFW2217/ma_sa/TXFW2217_MA_SA_R0.pdf,TXFW2217,ma_sa,4562,88f269b615463f3b43d4ad70b20efc790dfa4dd09efcb357edc6276f8ee7f421
sites/TXFW2217/rfds/TXFW2217_RFDS_R3.xlsx,TXFW2217,rfds,9730,e124e05620629b837da9fd782b527bb20c95e853ddd637634245fbaf44d7891a
sites/TXGR0719/bom/TXGR0719_BOM_REV0_preliminary.xlsx,TXGR0719,bom,20254,90bbb4755a714fbe6364f559553b0a254822db3a2aacfc647ab679b01b8e9ff4
sites/TXGR0719/cds/TXGR0719_CD_REV1.dxf,TXGR0719,cds,244087,64e4e3a6bd549aa72f3f9216b151552218c9a3d5406cf903bb106ac7f04794f4
sites/TXGR0719/cds/TXGR0719_CD_REV1.pdf,TXGR0719,cds,1175911,3b58e183666477b1c824119dcf80435bda50b21204c7af27302e04e712227e42
sites/TXGR0719/drone/TXGR0719_capture_metadata.json,TXGR0719,drone,2487,a0ecdaac5e1ee45d4ecf73b776ac8b111d9f70ce21ab5729dc931f111ede3d8c
sites/TXGR0719/drone/TXGR0719_pointcloud.laz,TXGR0719,drone,4977846,606b3a170655f71dc9be5bc2c825bc3db6946b07ed42455640b31b1f2e664446
sites/TXGR0719/drone/TXGR0719_vendor_measurements.csv,TXGR0719,drone,1334,cb1e25963ba437c273ff1cb2b5ca9f6a82dfdad4145bff28682e5bfb9c02cd3b
sites/TXGR0719/drone/imagery/TXGR0719_elevation_full.jpg,TXGR0719,drone,111033,a743587636376c29a603f8f4e0ac6c2fcf61fedc675f2484e70a5359ada8be3b
sites/TXGR0719/drone/imagery/TXGR0719_ortho_stitched.jpg,TXGR0719,drone,122856,80b52df6169ce97dd8c1788345e5dff6d1e2700fa047c0d1295f32c56473872e
sites/TXGR0719/drone/imagery/TXGR0719_sector_alpha.jpg,TXGR0719,drone,111744,616a36d9188f1f86a5fcafd488b20e3b1b8af9663b4d7345d3c86ae195199e4a
sites/TXGR0719/drone/imagery/TXGR0719_sector_beta.jpg,TXGR0719,drone,113874,fee917ffd1778314b2d664dc73361c716097bc38263e153270eeb9a7a80409fb
sites/TXGR0719/drone/imagery/TXGR0719_sector_gamma.jpg,TXGR0719,drone,113845,6310abf715d86edecd1436c8279309baa045246b956dfed172beba924c5c3dfa
sites/TXGR0719/drone/video/TXGR0719_orbit.mp4,TXGR0719,drone,179523,d6cb640201374681e9ada55c3cf13215a98a309e032bf96aeab76c3179daf815
sites/TXGR0719/ma_sa/TXGR0719_MA_SA_R0.pdf,TXGR0719,ma_sa,4495,bf65692a301eb626e3165b41258acf0c16317f8b6b2e70c5d5c0c5944a145abc
sites/TXGR0719/rfds/TXGR0719_RFDS_R3.xlsx,TXGR0719,rfds,8770,a01460baebb5bc93c3706dce8fe0c74767a39b2d7dd91c2d45c7c623f44b5e2b
sites/TXIR1340/bom/TXIR1340_BOM_REV0_preliminary.xlsx,TXIR1340,bom,10805,1b578d894091c8a04a0504a862219a376a04419eec13e545f7254e98e55aa90c
sites/TXIR1340/cds/TXIR1340_CD_REV1.pdf,TXIR1340,cds,920103,23b827e9509f9c949c332a480fca118ffc8d6026a5cee9569fdab62593ee2574
sites/TXIR1340/drone/TXIR1340_capture_metadata.json,TXIR1340,drone,2488,c62ffd014165a2aa799ff31e285110e05cd7090cf73759b6178c9544c5fe1eb0
sites/TXIR1340/drone/TXIR1340_pointcloud.laz,TXIR1340,drone,2742577,07cd87575758e5d499e774612dc742639a1f71f847fcd2605d36eb7eb906c560
sites/TXIR1340/drone/TXIR1340_vendor_measurements.csv,TXIR1340,drone,1702,5c9a620f24f048700a271f7cf1557b3f6477067eb12e5468757e9cd339ce9589
sites/TXIR1340/drone/imagery/TXIR1340_elevation_full.jpg,TXIR1340,drone,95648,9a26d9bfe1c2e681fe7e55ba9a6b24e9647821492c7015518d88e105b7162e71
sites/TXIR1340/drone/imagery/TXIR1340_ortho_stitched.jpg,TXIR1340,drone,122857,17a9279bb00146073141758cc37e251d1c8bb184f1a11c8c8298e430fcd73a93
sites/TXIR1340/drone/imagery/TXIR1340_sector_alpha.jpg,TXIR1340,drone,110135,6fa788c8a8133c820cdb3e3d6ff43f4aada553c8777c27c5eb291b4cf25b7355
sites/TXIR1340/drone/imagery/TXIR1340_sector_beta.jpg,TXIR1340,drone,110726,bd0a98aa90acb97092455074f102c5abe5c32e85d2c87f54da1c821ba5599ff9
sites/TXIR1340/drone/imagery/TXIR1340_sector_gamma.jpg,TXIR1340,drone,110345,ddd37a8dd44d2179ec73d018d870e450a04aa7168389c10c56746d3ae034a874
sites/TXIR1340/drone/video/TXIR1340_orbit.mp4,TXIR1340,drone,149990,5c81554ba45b2964f2a59b0256b8ea5ec1c68e9e402aa1c7fc741bcdca17ee09
sites/TXIR1340/ma_sa/TXIR1340_MA_SA_R0.pdf,TXIR1340,ma_sa,4553,dc7fd75b8f9f781424f946de16fc09e6ce83cd6f17d179a2d0a497dfb64cbae0
sites/TXIR1340/rfds/TXIR1340_RFDS_R3.xlsx,TXIR1340,rfds,9724,8af64144dfb46f88191ad6f60a5982e8342a176e7695bac0a8c430c44a7d797e
sites/TXMK1112/bom/TXMK1112_BOM_REV0_preliminary.xlsx,TXMK1112,bom,21322,b5855e99a97a63b678544e0c8ceb31e74db1073f77d5b119d31372f03908d2b2
sites/TXMK1112/cds/TXMK1112_CD_REV1.dxf,TXMK1112,cds,253414,a4b807c59b0349357af52e78ed591b43c34b20749052cea296f208a6cd2ee7ac
sites/TXMK1112/cds/TXMK1112_CD_REV1.pdf,TXMK1112,cds,1150086,41c5acbc871e1fcf65647db3f5b2fad8cef2864eb66f39d1644c4a22d4f0f327
sites/TXMK1112/drone/TXMK1112_capture_metadata.json,TXMK1112,drone,2463,0cc5a5fdf9660954f25af4cf5ddfc4b561e7ff4515b35163ead6086b8cd04860
sites/TXMK1112/drone/TXMK1112_pointcloud.laz,TXMK1112,drone,2850927,79980e8486f33e0ec99a64c34ef952a53f4995b60157e0540b40e20629b21442
sites/TXMK1112/drone/imagery/TXMK1112_elevation_full.jpg,TXMK1112,drone,99361,371b656acb49e0bd2ec2af37f8c76ace0644d98058f76a039d0e48a347cb12d4
sites/TXMK1112/drone/imagery/TXMK1112_ortho_stitched.jpg,TXMK1112,drone,122592,e3ff7815e8df6b30f023d7bd69e3cb5c3b13703ae655877c568917134476d326
sites/TXMK1112/drone/imagery/TXMK1112_sector_alpha.jpg,TXMK1112,drone,102872,3fe2189b3f3caf8cabac7df5eb3bc9e6dd9e3b4aec64741e7280f7a42699b32c
sites/TXMK1112/drone/imagery/TXMK1112_sector_beta.jpg,TXMK1112,drone,102544,076aa1058ce115767efa9648c5a5af55bbf71a398aa8732d3e7e314ca6073811
sites/TXMK1112/drone/imagery/TXMK1112_sector_gamma.jpg,TXMK1112,drone,103587,59a722907ba44fd6bc823a04ad98dbbe2e05d942c65602fc8cf03403c7748985
sites/TXMK1112/drone/video/TXMK1112_orbit.mp4,TXMK1112,drone,114494,380a02d6d4ef3538fb8cf07838220cd2e335beb4b2e85f109c4d2d6db7e58db4
sites/TXMK1112/ma_sa/TXMK1112_MA_SA_R0.pdf,TXMK1112,ma_sa,4429,8e2f6feebe39476c0529303f62b6b8f5c9592ceb9aecee47eae80dfe8bb0eaf0
sites/TXMK1112/rfds/TXMK1112_RFDS_R3.pdf,TXMK1112,rfds,5044,17d153f51d7527cd96ea915747ad97de873ce026f763644ff9af9b1f22ff161d
sites/TXPL0588/bom/TXPL0588_BOM_REV0_preliminary.xlsx,TXPL0588,bom,15323,5e620e564f89e0d79327cbc2299e65a884071d0deb5d5ed9391bfc2b76c3822d
sites/TXPL0588/cds/TXPL0588_CD_REV1.dxf,TXPL0588,cds,229551,3a39b19d4658b284eadef7054882d7df0f133e6878ab4b6ee5bc404d4f6fbaa5
sites/TXPL0588/cds/TXPL0588_CD_REV1.pdf,TXPL0588,cds,1055761,687629746cd6f8958c4e407b300902ceb288f8af6745e97633ecc12ee9d65400
sites/TXPL0588/drone/TXPL0588_capture_metadata.json,TXPL0588,drone,2486,068a85772c83086753ed6154f00d6084dc0623e96f51bc593c39327f262b6ceb
sites/TXPL0588/drone/TXPL0588_pointcloud.laz,TXPL0588,drone,2540348,10dbe903456d7d0434124d89845f6bdc4f0fd0435b8a666303fed806f66bcb08
sites/TXPL0588/drone/TXPL0588_vendor_measurements.csv,TXPL0588,drone,1616,c2d1dd1e83f48bbece059e90053f67940ee58faa530dfcb955944812d55e645d
sites/TXPL0588/drone/imagery/TXPL0588_elevation_full.jpg,TXPL0588,drone,93431,beacc04307c757cb692a4326672c9edb40149a0cfb388aa17aac6ef4b26de27c
sites/TXPL0588/drone/imagery/TXPL0588_ortho_stitched.jpg,TXPL0588,drone,122883,ba8b088d99096cbb0e3e7c2d61a48dc00b48de9c1ce4ffb636b71873d4f14f19
sites/TXPL0588/drone/imagery/TXPL0588_sector_alpha.jpg,TXPL0588,drone,106217,918d20619fba994888824543828520377c9bb784a3d284284c3a1e27d0ab40da
sites/TXPL0588/drone/imagery/TXPL0588_sector_beta.jpg,TXPL0588,drone,107727,d3c6ce958ee5427d6fe03c72d168b1af01314f7a59af2dd5979bd468da8a6e89
sites/TXPL0588/drone/imagery/TXPL0588_sector_gamma.jpg,TXPL0588,drone,107525,e1b9b4527733a4295b1317b504f700fa23400f1495b1fe6e2b4c517d7d3e22da
sites/TXPL0588/drone/video/TXPL0588_orbit.mp4,TXPL0588,drone,174342,27b7b306ed9c4ae1d186b011150ba7e1f72f2c79600d429de0a2316482495d68
sites/TXPL0588/ma_sa/TXPL0588_MA_SA_R0.pdf,TXPL0588,ma_sa,4793,424172c5ecc3e72140a400b563a5d24e7d6a1906b5103d91e6b6b83a687f72a4
sites/TXPL0588/rfds/TXPL0588_RFDS_R3.xlsx,TXPL0588,rfds,9731,a52570a3b3c01bfc6da0fa94e3730de759e52a75c7c12c462fe3b546637385fd
sites/TXRI0906/bom/TXRI0906_BOM_REV0_preliminary.xlsx,TXRI0906,bom,11271,e7dcde4008adac873bc9db59452e66f02238ce0ad89c0e979280c56d9479487a
sites/TXRI0906/cds/TXRI0906_CD_REV1.dxf,TXRI0906,cds,214183,5b6b988980d890fbeb5f64ff17a11a01b3e4e2ee9cab49a716351f9e9f1c16dc
sites/TXRI0906/cds/TXRI0906_CD_REV1.pdf,TXRI0906,cds,971677,92694f10dc107d3f1d4111229923033727b8e319825e20079054e7fbeb5471c7
sites/TXRI0906/drone/TXRI0906_capture_metadata.json,TXRI0906,drone,2750,3cb4209d6b9a955c48f27130799599e8a38c43b8c98ab54affe656beea08119b
sites/TXRI0906/drone/TXRI0906_pointcloud.laz,TXRI0906,drone,4716887,92acca7894bf8fddfff892d527f6c2efa84a7645c0f80c2b04888d86658f3a02
sites/TXRI0906/drone/imagery/TXRI0906_elevation_full.jpg,TXRI0906,drone,113962,050207a9165714a4594b521d7852b92ad0ed72436bb566bf24811a1d537b8e18
sites/TXRI0906/drone/imagery/TXRI0906_ortho_stitched.jpg,TXRI0906,drone,140840,41313183befa1bc14d9e4ef5e9dc65dd9a5111307fbe902b896cc67a2a7db6d9
sites/TXRI0906/drone/imagery/TXRI0906_sector_alpha.jpg,TXRI0906,drone,278074,3db62d295add0cc3e1d31991e9b24628554e58f000506bae8e688202009a0fd1
sites/TXRI0906/drone/imagery/TXRI0906_sector_beta.jpg,TXRI0906,drone,280614,aa473be7166e57c1afc70677f9bde601a0b366486ac6fdf9f4615268236d3ad5
sites/TXRI0906/drone/imagery/TXRI0906_sector_delta.jpg,TXRI0906,drone,278127,18bf932256f2dc7a0ec367982bc042caaa086e4f266fc5a90496481efc31ea04
sites/TXRI0906/drone/imagery/TXRI0906_sector_gamma.jpg,TXRI0906,drone,278211,440764a5c6b452e360990c3c43fa6997e438201a0057fe74bf44a1b9fa9e5871
sites/TXRI0906/drone/video/TXRI0906_orbit.mp4,TXRI0906,drone,1413507,16aaf61251096c4f9af7a6a69f41b52d54495d5593d3592db211a35798b52595
sites/TXRI0906/ma_sa/TXRI0906_MA_SA_R0.pdf,TXRI0906,ma_sa,4604,1ebaf2e469a8dbbb77621d71d249115b81145c945e5ffd157993e82e6b1c02e8
sites/TXRI0906/rfds/TXRI0906_RFDS_R3.xlsx,TXRI0906,rfds,8225,ab3a674dd395d497d61fbebef62dc1e775b379f1f1086e8600ed5d32f922e2fd
sitetracker/Document.csv,,sitetracker,21011,b142cc000c3dedfd97ba6161586e29b355b14fc63d3b16ba9b7249c830154826
sitetracker/Milestone.csv,,sitetracker,8514,6f3ff09f208cf0a1ae1c2a1830f9c5c7de99d560fd5678b22023684097739deb
sitetracker/Project.csv,,sitetracker,2082,5ed8677e97423b4d17b05b2bfa7b2443e9f5f0e0e9b24e6a4489b4edb3e5db92
sitetracker/Site.csv,,sitetracker,1864,8321e536fc27aae3e0f9ec4494b7a8f6fe06ee3dbba187d6f3f9b47b7ff87730
snowflake_load.sql,,snowflake_load.sql,3050,0c8810dccfc43b0377e9ec997bfa4cd00f43421fde7c8563bb5c4df79966bf48
